[
    {
        "image_name": "000b92a513b07d1a7838287c2cea3baa7f2307a0_page_1_11.jpg",
        "text": "Graduation Year : 10005"
    },
    {
        "image_name": "000b92a513b07d1a7838287c2cea3baa7f2307a0_page_1_12.jpg",
        "text": "Last Year Grade GoodG( :"
    },
    {
        "image_name": "000b92a513b07d1a7838287c2cea3baa7f2307a0_page_1_16.jpg",
        "text": "PowerPoint Access"
    },
    {
        "image_name": "000b92a513b07d1a7838287c2cea3baa7f2307a0_page_1_17.jpg",
        "text": "Hardware/Software"
    },
    {
        "image_name": "000b92a513b07d1a7838287c2cea3baa7f2307a0_page_1_19.jpg",
        "text": "Languages"
    },
    {
        "image_name": "000b92a513b07d1a7838287c2cea3baa7f2307a0_page_1_21.jpg",
        "text": "Arabic Native Language."
    },
    {
        "image_name": "000b92a513b07d1a7838287c2cea3baa7f2307a0_page_1_27.jpg",
        "text": "Investment Sudan"
    },
    {
        "image_name": "000b92a513b07d1a7838287c2cea3baa7f2307a0_page_2_29.jpg",
        "text": "departments."
    },
    {
        "image_name": "000b92a513b07d1a7838287c2cea3baa7f2307a0_page_2_32.jpg",
        "text": "necessary action."
    },
    {
        "image_name": "000b92a513b07d1a7838287c2cea3baa7f2307a0_page_3_17.jpg",
        "text": "or expiry."
    },
    {
        "image_name": "000b9fbd6ba6a66d19d7721c77c7bb297c77b969_page_1_52.jpg",
        "text": "University of Karachi"
    },
    {
        "image_name": "000b9fbd6ba6a66d19d7721c77c7bb297c77b969_page_1_56.jpg",
        "text": "PROFESSIONAL DEVELOPMENT"
    },
    {
        "image_name": "000c132d8b0b0fee668d9c7c0733e7e34c74ced0_page_1_49.jpg",
        "text": "EDUCATION"
    },
    {
        "image_name": "000c132d8b0b0fee668d9c7c0733e7e34c74ced0_page_1_8.jpg",
        "text": "Marketing, Sales"
    },
    {
        "image_name": "000c132d8b0b0fee668d9c7c0733e7e34c74ced0_page_2_18.jpg",
        "text": "study information."
    },
    {
        "image_name": "000c132d8b0b0fee668d9c7c0733e7e34c74ced0_page_2_29.jpg",
        "text": "in sales."
    },
    {
        "image_name": "000c132d8b0b0fee668d9c7c0733e7e34c74ced0_page_2_35.jpg",
        "text": "market fit."
    },
    {
        "image_name": "000d917e26fa3d1804c7f1817fce0d96f041c64d_page_2_31.jpg",
        "text": "Page 2 2 |"
    },
    {
        "image_name": "000e2a563431b025cee811e3b23022f9cc41e076_page_1_1.jpg",
        "text": "B.Sc: Business Management (Special), CIMA-UK (Reading)"
    },
    {
        "image_name": "000e2a563431b025cee811e3b23022f9cc41e076_page_1_44.jpg",
        "text": "CIMA - Chartered Institute of"
    },
    {
        "image_name": "000e2a563431b025cee811e3b23022f9cc41e076_page_1_5.jpg",
        "text": "My Contact"
    },
    {
        "image_name": "000e2be9972ed4c278e9ddb77e7707324fe4b1e7_page_2_3.jpg",
        "text": "Short Term Courses in"
    },
    {
        "image_name": "000e2be9972ed4c278e9ddb77e7707324fe4b1e7_page_2_5.jpg",
        "text": "EY"
    },
    {
        "image_name": "000e2be9972ed4c278e9ddb77e7707324fe4b1e7_page_2_66.jpg",
        "text": "Senior Associate - STAT & GAAP Audit"
    },
    {
        "image_name": "000ed2333452da408fab1e06266d54d8125288f2_page_1_12.jpg",
        "text": "AFA (UK), MIPA (AUS) MAAT (SL), CIMA (UK)"
    },
    {
        "image_name": "000ed2333452da408fab1e06266d54d8125288f2_page_1_57.jpg",
        "text": "quarterly basis."
    },
    {
        "image_name": "0012dee5e2feda28d4f81b3f5ae3d6c7dc62a415_page_4_22.jpg",
        "text": "Knowledge in video editing."
    },
    {
        "image_name": "0012dee5e2feda28d4f81b3f5ae3d6c7dc62a415_page_4_30.jpg",
        "text": "HONOURSIAWARDS"
    },
    {
        "image_name": "001aed822d7ac999bf36e50069086c2c525c1902_page_1_16.jpg",
        "text": "strategies."
    },
    {
        "image_name": "001aed822d7ac999bf36e50069086c2c525c1902_page_1_22.jpg",
        "text": "EDUCATION"
    },
    {
        "image_name": "001bbbb382af80dafdeafb8722c368f3799397bd_page_1_35.jpg",
        "text": "Maintained high level of contact with all vendors."
    },
    {
        "image_name": "001bbbb382af80dafdeafb8722c368f3799397bd_page_2_2.jpg",
        "text": "Degree Examination U iversity /Board"
    },
    {
        "image_name": "001c3997b83fb11d01cff40179ba4696ea3ffcb3_page_3_1.jpg",
        "text": "Huawei Product promotions."
    },
    {
        "image_name": "001c3997b83fb11d01cff40179ba4696ea3ffcb3_page_3_6.jpg",
        "text": "EXPERTIS E"
    },
    {
        "image_name": "001d55ede2e21a96b5147cd8f8d187077e4e88aa_page_4_11.jpg",
        "text": "SKILLS:"
    },
    {
        "image_name": "001d55ede2e21a96b5147cd8f8d187077e4e88aa_page_4_31.jpg",
        "text": "1982"
    },
    {
        "image_name": "001d55ede2e21a96b5147cd8f8d187077e4e88aa_page_5_0.jpg",
        "text": "Height 5'3\""
    },
    {
        "image_name": "001f96ecd0e43656e7b455d895f10e93dfcbe4da_page_3_12.jpg",
        "text": "region."
    },
    {
        "image_name": "001f96ecd0e43656e7b455d895f10e93dfcbe4da_page_3_19.jpg",
        "text": "ORACLE FINANCIAL SERVICES SOFTWARE LTD, MUMBAI, INDIA"
    },
    {
        "image_name": "0025e8eee0fae4e9df1b44f6cf6bb8893b63a254_page_1_22.jpg",
        "text": "LINKEDIN"
    },
    {
        "image_name": "0025e8eee0fae4e9df1b44f6cf6bb8893b63a254_page_2_25.jpg",
        "text": "Driving License: UAE UK"
    },
    {
        "image_name": "0029db0b87cd8ea0e8a1c19ba75cca343bf196dd_page_1_16.jpg",
        "text": "Microservice Development Open S urce Contributitns"
    },
    {
        "image_name": "0029db0b87cd8ea0e8a1c19ba75cca343bf196dd_page_2_31.jpg",
        "text": "Backend : Golang"
    },
    {
        "image_name": "0029db0b87cd8ea0e8a1c19ba75cca343bf196dd_page_3_2.jpg",
        "text": "Master of Technology (Information Systems) CGPA : 8.7"
    },
    {
        "image_name": "002a4169fb207e92a413ec5c38409fb4f6f2b48a_page_1_19.jpg",
        "text": "Manager, Human Resources"
    },
    {
        "image_name": "002a4169fb207e92a413ec5c38409fb4f6f2b48a_page_1_3.jpg",
        "text": "Address- Barsha Heights- Dubai; UAE"
    },
    {
        "image_name": "002b26963523c6191d13e7fb5ad7c946812f7cde_page_1_26.jpg",
        "text": "Marital status Unmarried"
    },
    {
        "image_name": "002e36ce81b25b2579f584404d644eea5ed298bd_page_1_25.jpg",
        "text": "Accounts PIR, Budget Management,"
    },
    {
        "image_name": "002e36ce81b25b2579f584404d644eea5ed298bd_page_1_36.jpg",
        "text": "and procedures."
    },
    {
        "image_name": "002e36ce81b25b2579f584404d644eea5ed298bd_page_1_42.jpg",
        "text": "Authority Matrix."
    },
    {
        "image_name": "002eaf5f745eda46966594949cb55126d810e658_page_1_45.jpg",
        "text": "Implementation and renewal of various insurance and"
    },
    {
        "image_name": "002eaf5f745eda46966594949cb55126d810e658_page_1_52.jpg",
        "text": "license, tenancy contracts etc."
    },
    {
        "image_name": "003a6e467df4ad0413d49a8fa15d3d16e47cb000_page_2_29.jpg",
        "text": "consistency."
    },
    {
        "image_name": "003a6e467df4ad0413d49a8fa15d3d16e47cb000_page_2_31.jpg",
        "text": "departments to maintain operational activities."
    },
    {
        "image_name": "003ae013b607738581e48b69ee78821584c90505_page_1_56.jpg",
        "text": "accounts payable."
    },
    {
        "image_name": "003ae013b607738581e48b69ee78821584c90505_page_2_2.jpg",
        "text": "required by the management."
    },
    {
        "image_name": "0046bc696b4122b6501b2053cd71b05f79ebf0eb_page_5_0.jpg",
        "text": "Layout design."
    },
    {
        "image_name": "0046bc696b4122b6501b2053cd71b05f79ebf0eb_page_5_6.jpg",
        "text": "Made html, css adding javascript and Jquery."
    },
    {
        "image_name": "004d20c0c4462de2cffdbc9720abb62da1bd9a5c_page_1_24.jpg",
        "text": "Social Media Marketing"
    },
    {
        "image_name": "004f7542c349bc7f3146c70bc486ea3a878885d0_page_1_5.jpg",
        "text": "COntact"
    },
    {
        "image_name": "004f7542c349bc7f3146c70bc486ea3a878885d0_page_1_71.jpg",
        "text": "EDUCATION HISTORY making sure it's to clients specification."
    },
    {
        "image_name": "005d354c7751647ddf2a05bce459f4431e0b80ff_page_2_15.jpg",
        "text": "Used web-based document sharing tools."
    },
    {
        "image_name": "005dfcba1490f4e7f1b2a2cb9852051a85e62c2f_page_1_10.jpg",
        "text": "assigned to me from time to time."
    },
    {
        "image_name": "005dfcba1490f4e7f1b2a2cb9852051a85e62c2f_page_1_13.jpg",
        "text": "CONTACT"
    },
    {
        "image_name": "006f2d3583a5835146032764078a22a5b1d82a34_page_1_19.jpg",
        "text": "Python, Power Bl, and Tableau technologies"
    },
    {
        "image_name": "006f2d3583a5835146032764078a22a5b1d82a34_page_2_6.jpg",
        "text": "Manager _ Industrial loloT & Analytics"
    },
    {
        "image_name": "006f2d3583a5835146032764078a22a5b1d82a34_page_3_43.jpg",
        "text": "Page 3 of 4"
    },
    {
        "image_name": "006f2d3583a5835146032764078a22a5b1d82a34_page_3_6.jpg",
        "text": "Project Manager S Solution Architect"
    },
    {
        "image_name": "007a0449c477d9a0528deac56df2475a5a3d3633_page_1_100.jpg",
        "text": "06/2013 09/2014"
    },
    {
        "image_name": "007a0449c477d9a0528deac56df2475a5a3d3633_page_1_104.jpg",
        "text": "(2012)"
    },
    {
        "image_name": "007a0449c477d9a0528deac56df2475a5a3d3633_page_1_19.jpg",
        "text": "Achievements/ Tasss"
    },
    {
        "image_name": "007a0449c477d9a0528deac56df2475a5a3d3633_page_1_95.jpg",
        "text": "EDUCATION DEGREEICERTIFICATION"
    },
    {
        "image_name": "007a4bb642a727d5325da9fcf4f21b38a9dd6334_page_2_6.jpg",
        "text": "Dec; 2018 - Jan2 2020"
    },
    {
        "image_name": "008ca006e3ddbbb35b573cb7b12087d2617d5181_page_1_30.jpg",
        "text": "Modules)"
    },
    {
        "image_name": "008ca006e3ddbbb35b573cb7b12087d2617d5181_page_4_17.jpg",
        "text": "Egypt, Cairo"
    }
]